<?xml version="1.0" encoding="UTF-8" standalone="yes"?>
<w:document xmlns:o="urn:schemas-microsoft-com:office:office" xmlns:r="http://schemas.openxmlformats.org/officeDocument/2006/relationships" xmlns:v="urn:schemas-microsoft-com:vml" xmlns:w="http://schemas.openxmlformats.org/wordprocessingml/2006/main" xmlns:w10="urn:schemas-microsoft-com:office:word" xmlns:wp="http://schemas.openxmlformats.org/drawingml/2006/wordprocessingDrawing" xmlns:wps="http://schemas.microsoft.com/office/word/2010/wordprocessingShape" xmlns:wpg="http://schemas.microsoft.com/office/word/2010/wordprocessingGroup" xmlns:mc="http://schemas.openxmlformats.org/markup-compatibility/2006" xmlns:wp14="http://schemas.microsoft.com/office/word/2010/wordprocessingDrawing" xmlns:w14="http://schemas.microsoft.com/office/word/2010/wordml" mc:Ignorable="w14 wp14"><w:body><w:p><w:pPr><w:pStyle w:val="Normal"/><w:rPr></w:rPr></w:pPr><w:r><w:rPr></w:rPr><w:t>Test text</w:t></w:r></w:p><w:sectPr><w:type w:val="nextPage"/><w:pgSz w:w="11906" w:h="16838"/><w:pgMar w:left="1134" w:right="1134" w:header="0" w:top="1134" w:footer="0" w:bottom="1134" w:gutter="0"/><w:pgNumType w:fmt="decimal"/><w:formProt w:val="false"/><w:textDirection w:val="lrTb"/></w:sectPr></w:body></w:document>
